{"stats":{"minecraft:dropped":{"minecraft:stone":1},"minecraft:mined":{"minecraft:grass_block":4,"minecraft:dirt":14,"minecraft:birch_log":5,"minecraft:stone":17,"minecraft:birch_leaves":2},"minecraft:crafted":{"minecraft:birch_planks":20,"minecraft:crafting_table":1,"minecraft:stick":12,"minecraft:wooden_pickaxe":1},"minecraft:custom":{"minecraft:open_chest":1,"minecraft:time_since_rest":18976,"minecraft:crouch_one_cm":1496,"minecraft:play_time":18976,"minecraft:sprint_one_cm":29302,"minecraft:damage_taken":30,"minecraft:walk_one_cm":13940,"minecraft:sneak_time":1222,"minecraft:walk_under_water_one_cm":1066,"minecraft:drop":1,"minecraft:jump":101,"minecraft:damage_dealt":20,"minecraft:leave_game":3,"minecraft:walk_on_water_one_cm":2515,"minecraft:time_since_death":18976,"minecraft:total_world_time":18976,"minecraft:swim_one_cm":2461,"minecraft:interact_with_crafting_table":1,"minecraft:fall_one_cm":404,"minecraft:fly_one_cm":317748},"minecraft:picked_up":{"minecraft:birch_log":5,"minecraft:granite":16,"minecraft:dirt":15,"minecraft:cobblestone":17},"minecraft:used":{"minecraft:dirt":5,"minecraft:crafting_table":1,"minecraft:chest":1,"minecraft:wooden_pickaxe":19,"minecraft:stone":7}},"DataVersion":3953}