{"stats":{"minecraft:broken":{"minecraft:iron_boots":1,"minecraft:iron_leggings":1,"minecraft:stone_pickaxe":2,"minecraft:stone_axe":2,"minecraft:iron_pickaxe":2,"minecraft:iron_helmet":1,"minecraft:fishing_rod":1,"minecraft:stone_shovel":1},"minecraft:crafted":{"minecraft:oak_planks":88,"minecraft:stone_shovel":1,"minecraft:fishing_rod":4,"minecraft:cooked_chicken":4,"minecraft:furnace":6,"minecraft:cooked_mutton":9,"minecraft:iron_boots":2,"minecraft:iron_axe":1,"minecraft:stone_pickaxe":2,"minecraft:chest":4,"minecraft:smoker":2,"minecraft:cooked_beef":19,"minecraft:cooked_cod":58,"minecraft:wooden_shovel":1,"minecraft:diamond_sword":1,"minecraft:cooked_porkchop":7,"minecraft:crafting_table":6,"minecraft:dried_kelp":76,"minecraft:wooden_pickaxe":2,"minecraft:iron_helmet":2,"minecraft:iron_sword":1,"minecraft:cooked_salmon":18,"minecraft:copper_ingot":50,"minecraft:bucket":1,"minecraft:birch_planks":84,"minecraft:stone_axe":2,"minecraft:air":0,"minecraft:iron_chestplate":2,"minecraft:diamond_pickaxe":1,"minecraft:shield":2,"minecraft:stick":100,"minecraft:iron_ingot":103,"minecraft:iron_pickaxe":4,"minecraft:stone_sword":1,"minecraft:iron_leggings":2,"minecraft:gold_ingot":16,"minecraft:sandstone":15,"minecraft:white_bed":1,"minecraft:torch":196},"minecraft:picked_up":{"minecraft:iron_chestplate":1,"minecraft:crafting_table":5,"minecraft:ominous_bottle":2,"minecraft:chicken":4,"minecraft:flower_pot":1,"minecraft:diamond_sword":1,"minecraft:wooden_pickaxe":1,"minecraft:potion":2,"minecraft:shield":5,"minecraft:brick":4,"minecraft:flow_banner_pattern":2,"minecraft:wind_charge":77,"minecraft:iron_axe":4,"minecraft:cornflower":1,"minecraft:string":110,"minecraft:raw_copper":157,"minecraft:red_candle":4,"minecraft:pufferfish":21,"minecraft:cobbled_deepslate":46,"minecraft:beef":17,"minecraft:trial_key":9,"minecraft:iron_pickaxe":2,"minecraft:sugar_cane":31,"minecraft:chest":1,"minecraft:phantom_membrane":2,"minecraft:furnace":2,"minecraft:tipped_arrow":31,"minecraft:stick":2,"minecraft:raw_iron":168,"minecraft:torch":106,"minecraft:bowl":10,"minecraft:porkchop":7,"minecraft:stone_button":1,"minecraft:waxed_copper_grate":1,"minecraft:diorite":10,"minecraft:redstone":55,"minecraft:arrow":137,"minecraft:rotten_flesh":21,"minecraft:cooked_cod":15,"minecraft:tropical_fish":2,"minecraft:decorated_pot":10,"minecraft:saddle":1,"minecraft:flow_armor_trim_smithing_template":1,"minecraft:tuff_bricks":14,"minecraft:mutton":9,"minecraft:cobblestone":371,"minecraft:bone_block":3,"minecraft:cod":59,"minecraft:white_wool":4,"minecraft:rail":2,"minecraft:nautilus_shell":2,"minecraft:birch_log":21,"minecraft:feather":1,"minecraft:cooked_beef":1,"minecraft:water_bucket":3,"minecraft:salmon":32,"minecraft:andesite":12,"minecraft:leather":15,"minecraft:brown_wool":1,"minecraft:red_mushroom":8,"minecraft:smoker":1,"minecraft:birch_planks":11,"minecraft:flint":4,"minecraft:tuff":6,"minecraft:oak_log":99,"minecraft:lily_pad":1,"minecraft:gunpowder":4,"minecraft:lapis_lazuli":21,"minecraft:dirt":84,"minecraft:white_banner":2,"minecraft:bone":60,"minecraft:kelp":384,"minecraft:bow":1,"minecraft:wheat_seeds":4,"minecraft:raw_gold":29,"minecraft:iron_ingot":14,"minecraft:cooked_chicken":3,"minecraft:cooked_porkchop":1,"minecraft:gravel":26,"minecraft:sand":105,"minecraft:spectral_arrow":3,"minecraft:spider_eye":28,"minecraft:diamond":14,"minecraft:waxed_oxidized_copper_grate":2,"minecraft:crossbow":1,"minecraft:breeze_rod":8,"minecraft:granite":27,"minecraft:gray_wool":2,"minecraft:emerald":26,"minecraft:bread":26,"minecraft:baked_potato":2,"minecraft:ominous_trial_key":2,"minecraft:coal":287},"minecraft:killed":{"minecraft:cave_spider":40,"minecraft:bogged":15,"minecraft:spider":4,"minecraft:phantom":4,"minecraft:skeleton":17,"minecraft:chicken":4,"minecraft:drowned":1,"minecraft:pig":4,"minecraft:salmon":5,"minecraft:bat":1,"minecraft:creeper":3,"minecraft:sheep":6,"minecraft:pillager":1,"minecraft:zombie":23,"minecraft:breeze":5,"minecraft:cow":8},"minecraft:custom":{"minecraft:mob_kills":145,"minecraft:open_barrel":15,"minecraft:interact_with_crafting_table":43,"minecraft:leave_game":7,"minecraft:time_since_death":11358,"minecraft:climb_one_cm":4423,"minecraft:sprint_one_cm":727913,"minecraft:walk_one_cm":723568,"minecraft:damage_blocked_by_shield":1067,"minecraft:drop":64,"minecraft:play_time":330933,"minecraft:deaths":3,"minecraft:sneak_time":10338,"minecraft:walk_under_water_one_cm":37950,"minecraft:jump":3138,"minecraft:walk_on_water_one_cm":99601,"minecraft:total_world_time":330933,"minecraft:interact_with_furnace":52,"minecraft:time_since_rest":11396,"minecraft:damage_taken":6840,"minecraft:damage_dealt":20968,"minecraft:swim_one_cm":64724,"minecraft:fly_one_cm":649995,"minecraft:open_chest":62,"minecraft:crouch_one_cm":22160,"minecraft:interact_with_smoker":32,"minecraft:fish_caught":96,"minecraft:fall_one_cm":81172,"minecraft:inspect_dispenser":10},"minecraft:used":{"minecraft:tuff_bricks":1,"minecraft:stone_sword":35,"minecraft:stone_shovel":136,"minecraft:dried_kelp":76,"minecraft:decorated_pot":2,"minecraft:chest":5,"minecraft:shield":34,"minecraft:stone":7,"minecraft:iron_sword":46,"minecraft:wooden_shovel":47,"minecraft:cooked_salmon":5,"minecraft:cooked_chicken":5,"minecraft:rotten_flesh":14,"minecraft:trial_key":4,"minecraft:torch":171,"minecraft:dirt":44,"minecraft:granite":4,"minecraft:iron_axe":50,"minecraft:red_candle":4,"minecraft:ominous_bottle":1,"minecraft:furnace":6,"minecraft:cooked_cod":37,"minecraft:cobbled_deepslate":9,"minecraft:cooked_mutton":9,"minecraft:water_bucket":51,"minecraft:stone_pickaxe":262,"minecraft:wooden_pickaxe":45,"minecraft:sandstone":15,"minecraft:sugar_cane":9,"minecraft:sand":45,"minecraft:crafting_table":11,"minecraft:white_bed":1,"minecraft:smoker":3,"minecraft:ominous_trial_key":2,"minecraft:bread":2,"minecraft:iron_pickaxe":661,"minecraft:stone_axe":178,"minecraft:diamond_sword":185,"minecraft:fishing_rod":123,"minecraft:potion":1,"minecraft:cobblestone":77,"minecraft:cooked_porkchop":7,"minecraft:bucket":52,"minecraft:kelp":3,"minecraft:splash_potion":2},"minecraft:dropped":{"minecraft:birch_planks":5,"minecraft:wheat_seeds":4,"minecraft:cooked_beef":1,"minecraft:baked_potato":2,"minecraft:glass_bottle":1,"minecraft:diamond":7,"minecraft:feather":1,"minecraft:cobblestone":43,"minecraft:red_mushroom":2,"minecraft:dirt":30,"minecraft:gray_wool":1,"minecraft:stone_button":1,"minecraft:diorite":7,"minecraft:torch":95,"minecraft:cornflower":1,"minecraft:cooked_cod":6,"minecraft:potion":1,"minecraft:white_banner":1,"minecraft:gravel":23,"minecraft:tuff_bricks":13,"minecraft:kelp":241,"minecraft:cooked_chicken":1,"minecraft:cobbled_deepslate":36,"minecraft:bowl":10,"minecraft:tuff":2,"minecraft:rotten_flesh":8,"minecraft:stone":1,"minecraft:shield":3,"minecraft:trial_key":3,"minecraft:iron_chestplate":1,"minecraft:andesite":2,"minecraft:chest":1,"minecraft:wooden_shovel":1,"minecraft:wooden_pickaxe":2},"minecraft:killed_by":{"minecraft:cave_spider":1},"minecraft:mined":{"minecraft:tuff":6,"minecraft:deepslate_diamond_ore":13,"minecraft:granite":15,"minecraft:grass_block":58,"minecraft:decorated_pot":11,"minecraft:chiseled_tuff_bricks":1,"minecraft:red_mushroom":2,"minecraft:kelp":9,"minecraft:tuff_bricks":12,"minecraft:spawner":3,"minecraft:tall_seagrass":7,"minecraft:redstone_ore":6,"minecraft:furnace":2,"minecraft:waxed_copper_grate":1,"minecraft:cobbled_deepslate":2,"minecraft:iron_ore":118,"minecraft:waxed_oxidized_copper_bulb":1,"minecraft:andesite":11,"minecraft:deepslate_lapis_ore":4,"minecraft:deepslate_iron_ore":42,"minecraft:stone":307,"minecraft:deepslate_redstone_ore":6,"minecraft:kelp_plant":180,"minecraft:smoker":1,"minecraft:cornflower":1,"minecraft:crafting_table":5,"minecraft:torch":11,"minecraft:short_grass":30,"minecraft:cobblestone":3,"minecraft:tall_grass":3,"minecraft:copper_ore":43,"minecraft:deepslate_gold_ore":15,"minecraft:sugar_cane":9,"minecraft:diorite":12,"minecraft:wall_torch":4,"minecraft:seagrass":20,"minecraft:red_candle":2,"minecraft:waxed_oxidized_copper_grate":2,"minecraft:birch_log":21,"minecraft:birch_leaves":6,"minecraft:oak_log":66,"minecraft:coal_ore":278,"minecraft:flower_pot":1,"minecraft:gravel":20,"minecraft:sand":119,"minecraft:dirt":32,"minecraft:cobweb":27,"minecraft:gold_ore":11,"minecraft:oak_leaves":14,"minecraft:deepslate":42}},"DataVersion":3953}