{"stats":{"minecraft:mined":{"minecraft:tall_grass":1,"minecraft:short_grass":3,"minecraft:grass_block":1},"minecraft:custom":{"minecraft:jump":114,"minecraft:time_since_rest":11762,"minecraft:walk_on_water_one_cm":1240,"minecraft:play_time":11762,"minecraft:leave_game":2,"minecraft:sprint_one_cm":13621,"minecraft:damage_taken":30,"minecraft:time_since_death":11762,"minecraft:walk_one_cm":15660,"minecraft:sneak_time":65,"minecraft:total_world_time":11762,"minecraft:walk_under_water_one_cm":417,"minecraft:swim_one_cm":538,"minecraft:fall_one_cm":1318,"minecraft:fly_one_cm":189410,"minecraft:aviate_one_cm":1304},"minecraft:picked_up":{"minecraft:dirt":1},"minecraft:used":{"minecraft:firework_rocket":4,"minecraft:dirt":1}},"DataVersion":3953}