{"stats":{"minecraft:crafted":{"minecraft:oak_planks":24},"minecraft:picked_up":{"minecraft:stick":1,"minecraft:oak_log":6,"minecraft:oak_sapling":1,"minecraft:dirt":1},"minecraft:used":{"minecraft:dirt":1,"minecraft:firework_rocket":21},"minecraft:custom":{"minecraft:time_since_rest":3909,"minecraft:crouch_one_cm":64,"minecraft:play_time":21519,"minecraft:sprint_one_cm":32944,"minecraft:deaths":1,"minecraft:damage_taken":55,"minecraft:walk_one_cm":28042,"minecraft:sneak_time":155,"minecraft:walk_under_water_one_cm":780,"minecraft:aviate_one_cm":8178,"minecraft:jump":249,"minecraft:leave_game":6,"minecraft:walk_on_water_one_cm":3225,"minecraft:time_since_death":3847,"minecraft:total_world_time":21519,"minecraft:swim_one_cm":862,"minecraft:fall_one_cm":1527,"minecraft:fly_one_cm":397532},"minecraft:mined":{"minecraft:short_grass":10,"minecraft:oak_log":6,"minecraft:grass_block":1,"minecraft:tall_grass":1,"minecraft:oak_leaves":1}},"DataVersion":3953}