{"stats":{"minecraft:mined":{"minecraft:short_grass":3,"minecraft:tall_grass":1,"minecraft:grass_block":1},"minecraft:custom":{"minecraft:jump":242,"minecraft:damage_taken":30,"minecraft:time_since_rest":2371,"minecraft:walk_one_cm":25080,"minecraft:leave_game":5,"minecraft:crouch_one_cm":64,"minecraft:sprint_one_cm":29539,"minecraft:play_time":19981,"minecraft:time_since_death":2309,"minecraft:walk_on_water_one_cm":3105,"minecraft:deaths":1,"minecraft:sneak_time":155,"minecraft:total_world_time":19981,"minecraft:walk_under_water_one_cm":685,"minecraft:swim_one_cm":862,"minecraft:fall_one_cm":1318,"minecraft:fly_one_cm":395538,"minecraft:aviate_one_cm":8178},"minecraft:picked_up":{"minecraft:dirt":1},"minecraft:used":{"minecraft:dirt":1,"minecraft:firework_rocket":21}},"DataVersion":3953}