{"stats":{"minecraft:broken":{"minecraft:fishing_rod":1},"minecraft:crafted":{"minecraft:oak_planks":24,"minecraft:fishing_rod":1,"minecraft:furnace":3,"minecraft:iron_boots":1,"minecraft:iron_axe":1,"minecraft:stone_pickaxe":4,"minecraft:chest":1,"minecraft:smoker":1,"minecraft:cooked_cod":45,"minecraft:diamond_sword":1,"minecraft:emerald":9,"minecraft:crafting_table":3,"minecraft:wooden_pickaxe":3,"minecraft:iron_helmet":1,"minecraft:iron_sword":1,"minecraft:cooked_salmon":12,"minecraft:bucket":2,"minecraft:birch_planks":40,"minecraft:stone_axe":2,"minecraft:air":0,"minecraft:iron_chestplate":2,"minecraft:diamond_pickaxe":1,"minecraft:shield":3,"minecraft:stick":40,"minecraft:iron_ingot":55,"minecraft:iron_pickaxe":1,"minecraft:stone_sword":3,"minecraft:iron_leggings":1,"minecraft:torch":36},"minecraft:picked_up":{"minecraft:fishing_rod":2,"minecraft:iron_chestplate":1,"minecraft:flower_pot":1,"minecraft:wooden_pickaxe":1,"minecraft:potion":1,"minecraft:brick":81,"minecraft:shield":1,"minecraft:wind_charge":12,"minecraft:string":14,"minecraft:iron_axe":3,"minecraft:pufferfish":11,"minecraft:gold_nugget":2,"minecraft:cobbled_deepslate":166,"minecraft:beef":2,"minecraft:trial_key":10,"minecraft:light_gray_wool":1,"minecraft:guster_pottery_sherd":2,"minecraft:birch_sapling":5,"minecraft:tipped_arrow":50,"minecraft:raw_iron":72,"minecraft:stick":1,"minecraft:oak_fence":3,"minecraft:torch":53,"minecraft:bowl":3,"minecraft:porkchop":12,"minecraft:flow_pottery_sherd":1,"minecraft:stone_button":5,"minecraft:waxed_copper_grate":2,"minecraft:diorite":18,"minecraft:arrow":38,"minecraft:rotten_flesh":11,"minecraft:cooked_cod":6,"minecraft:tropical_fish":1,"minecraft:decorated_pot":3,"minecraft:iron_block":1,"minecraft:flow_armor_trim_smithing_template":1,"minecraft:tuff_bricks":11,"minecraft:mutton":3,"minecraft:rail":3,"minecraft:cod":46,"minecraft:white_wool":2,"minecraft:cobblestone":264,"minecraft:birch_log":68,"minecraft:cooked_beef":4,"minecraft:andesite":2,"minecraft:salmon":18,"minecraft:leather":3,"minecraft:birch_planks":5,"minecraft:flint":2,"minecraft:waxed_copper_bulb":2,"minecraft:tuff":34,"minecraft:oak_log":16,"minecraft:lily_pad":1,"minecraft:lapis_lazuli":121,"minecraft:dirt":25,"minecraft:bone":29,"minecraft:bow":1,"minecraft:raw_gold":9,"minecraft:iron_ingot":11,"minecraft:cooked_chicken":3,"minecraft:stone_pickaxe":1,"minecraft:oak_planks":49,"minecraft:emerald_block":1,"minecraft:gravel":9,"minecraft:spider_eye":4,"minecraft:diamond":13,"minecraft:crossbow":1,"minecraft:granite":28,"minecraft:breeze_rod":29,"minecraft:emerald":23,"minecraft:bread":4,"minecraft:music_disc_precipice":1,"minecraft:baked_potato":7,"minecraft:ominous_trial_key":4,"minecraft:coal":106,"minecraft:chiseled_tuff_bricks":4},"minecraft:killed":{"minecraft:cave_spider":13,"minecraft:bogged":27,"minecraft:skeleton":4,"minecraft:pig":7,"minecraft:sheep":2,"minecraft:zombie":7,"minecraft:breeze":17,"minecraft:cow":1},"minecraft:custom":{"minecraft:mob_kills":79,"minecraft:interact_with_crafting_table":23,"minecraft:open_barrel":8,"minecraft:leave_game":5,"minecraft:time_since_death":173990,"minecraft:climb_one_cm":3257,"minecraft:sprint_one_cm":480942,"minecraft:walk_one_cm":969564,"minecraft:damage_blocked_by_shield":447,"minecraft:drop":40,"minecraft:play_time":310489,"minecraft:deaths":4,"minecraft:sneak_time":1218,"minecraft:walk_under_water_one_cm":30125,"minecraft:jump":2243,"minecraft:walk_on_water_one_cm":67288,"minecraft:total_world_time":310489,"minecraft:interact_with_furnace":19,"minecraft:sleep_in_bed":1,"minecraft:time_since_rest":96693,"minecraft:damage_taken":4879,"minecraft:damage_dealt":13087,"minecraft:swim_one_cm":12384,"minecraft:fly_one_cm":493617,"minecraft:open_chest":37,"minecraft:crouch_one_cm":3128,"minecraft:interact_with_smoker":10,"minecraft:fish_caught":70,"minecraft:fall_one_cm":52576,"minecraft:inspect_dispenser":4},"minecraft:used":{"minecraft:tuff_bricks":8,"minecraft:decorated_pot":10,"minecraft:chest":1,"minecraft:shield":10,"minecraft:iron_sword":6,"minecraft:cooked_chicken":3,"minecraft:cooked_salmon":25,"minecraft:rotten_flesh":1,"minecraft:trial_key":5,"minecraft:iron_chestplate":1,"minecraft:torch":39,"minecraft:dirt":3,"minecraft:waxed_copper_grate":2,"minecraft:tuff":4,"minecraft:lava_bucket":2,"minecraft:iron_axe":12,"minecraft:iron_helmet":1,"minecraft:iron_boots":1,"minecraft:furnace":2,"minecraft:cooked_cod":20,"minecraft:cooked_beef":2,"minecraft:cobbled_deepslate":44,"minecraft:iron_leggings":1,"minecraft:water_bucket":28,"minecraft:diorite":2,"minecraft:baked_potato":2,"minecraft:stone_pickaxe":274,"minecraft:oak_planks":2,"minecraft:wooden_pickaxe":72,"minecraft:glow_berries":6,"minecraft:crafting_table":3,"minecraft:smoker":1,"minecraft:oak_log":4,"minecraft:diamond_pickaxe":249,"minecraft:ominous_trial_key":2,"minecraft:bread":6,"minecraft:stone_button":2,"minecraft:iron_pickaxe":151,"minecraft:stone_axe":68,"minecraft:chiseled_tuff_bricks":2,"minecraft:diamond_sword":229,"minecraft:fishing_rod":93,"minecraft:cobblestone":9,"minecraft:bucket":32,"minecraft:waxed_copper_bulb":1},"minecraft:dropped":{"minecraft:crossbow":1,"minecraft:granite":28,"minecraft:tropical_fish":1,"minecraft:ominous_trial_key":2,"minecraft:cod":2,"minecraft:flint":1,"minecraft:pufferfish":1,"minecraft:stone_button":3,"minecraft:diorite":4,"minecraft:potion":1,"minecraft:iron_axe":1,"minecraft:gravel":7,"minecraft:tuff_bricks":3,"minecraft:cobbled_deepslate":2,"minecraft:chiseled_tuff_bricks":2,"minecraft:stone_sword":1,"minecraft:bowl":3,"minecraft:bamboo_hanging_sign":3,"minecraft:tuff":29,"minecraft:rotten_flesh":3,"minecraft:salmon":2,"minecraft:tipped_arrow":2,"minecraft:flower_pot":1,"minecraft:trial_key":2,"minecraft:arrow":34,"minecraft:bow":1,"minecraft:wooden_pickaxe":3,"minecraft:stone_pickaxe":3},"minecraft:killed_by":{"minecraft:creeper":1,"minecraft:skeleton":1,"minecraft:zombie":1},"minecraft:mined":{"minecraft:tuff":30,"minecraft:deepslate_diamond_ore":4,"minecraft:granite":27,"minecraft:grass_block":6,"minecraft:decorated_pot":23,"minecraft:chiseled_tuff_bricks":4,"minecraft:tuff_bricks":12,"minecraft:spawner":1,"minecraft:waxed_copper_grate":2,"minecraft:iron_ore":39,"minecraft:cobbled_deepslate":11,"minecraft:andesite":1,"minecraft:deepslate_lapis_ore":17,"minecraft:rail":2,"minecraft:deepslate_iron_ore":29,"minecraft:stone":256,"minecraft:torch":5,"minecraft:cobblestone":3,"minecraft:deepslate_gold_ore":8,"minecraft:oak_planks":45,"minecraft:diorite":18,"minecraft:wall_torch":4,"minecraft:waxed_copper_bulb":2,"minecraft:birch_log":68,"minecraft:coal_ore":101,"minecraft:oak_log":16,"minecraft:flower_pot":1,"minecraft:gravel":9,"minecraft:dirt":21,"minecraft:gold_ore":2,"minecraft:oak_leaves":4,"minecraft:deepslate":136}},"DataVersion":3953}