{"stats":{"minecraft:dropped":{"minecraft:wooden_pickaxe":1},"minecraft:mined":{"minecraft:granite":16,"minecraft:grass_block":2,"minecraft:dirt":10,"minecraft:birch_log":49,"minecraft:stone":10},"minecraft:crafted":{"minecraft:birch_planks":40,"minecraft:stone_axe":1,"minecraft:crafting_table":1,"minecraft:stick":8,"minecraft:stone_pickaxe":1,"minecraft:wooden_pickaxe":1,"minecraft:stone_sword":1},"minecraft:custom":{"minecraft:time_since_rest":5970,"minecraft:crouch_one_cm":72,"minecraft:play_time":5970,"minecraft:sprint_one_cm":11884,"minecraft:walk_one_cm":14857,"minecraft:sneak_time":14,"minecraft:mob_kills":4,"minecraft:drop":1,"minecraft:jump":53,"minecraft:damage_dealt":400,"minecraft:walk_on_water_one_cm":162,"minecraft:time_since_death":5970,"minecraft:total_world_time":5970,"minecraft:interact_with_crafting_table":3,"minecraft:fall_one_cm":478,"minecraft:fly_one_cm":4130},"minecraft:picked_up":{"minecraft:birch_log":48,"minecraft:porkchop":9,"minecraft:granite":16,"minecraft:birch_sapling":2,"minecraft:dirt":12,"minecraft:cobblestone":10},"minecraft:killed":{"minecraft:pig":4},"minecraft:used":{"minecraft:stone_axe":43,"minecraft:crafting_table":1,"minecraft:wooden_pickaxe":38}},"DataVersion":3953}