{"stats":{"minecraft:dropped":{"minecraft:granite":16,"minecraft:wooden_pickaxe":1},"minecraft:mined":{"minecraft:birch_log":68,"minecraft:granite":16,"minecraft:grass_block":2,"minecraft:dirt":10,"minecraft:stone":36,"minecraft:oak_leaves":1},"minecraft:crafted":{"minecraft:crafting_table":1,"minecraft:stick":8,"minecraft:wooden_pickaxe":1,"minecraft:stone_pickaxe":1,"minecraft:stone_sword":1,"minecraft:furnace":2,"minecraft:birch_planks":40,"minecraft:stone_axe":1,"minecraft:smoker":1},"minecraft:custom":{"minecraft:time_since_rest":119,"minecraft:interact_with_furnace":1,"minecraft:sprint_one_cm":37614,"minecraft:damage_taken":160,"minecraft:walk_one_cm":40657,"minecraft:mob_kills":8,"minecraft:drop":2,"minecraft:damage_dealt":800,"minecraft:interact_with_crafting_table":5,"minecraft:fly_one_cm":260821,"minecraft:crouch_one_cm":74,"minecraft:play_time":29896,"minecraft:deaths":1,"minecraft:sneak_time":82,"minecraft:walk_under_water_one_cm":4191,"minecraft:jump":136,"minecraft:leave_game":1,"minecraft:walk_on_water_one_cm":2105,"minecraft:time_since_death":0,"minecraft:interact_with_smoker":1,"minecraft:total_world_time":29896,"minecraft:fall_one_cm":896},"minecraft:picked_up":{"minecraft:birch_log":68,"minecraft:stick":1,"minecraft:porkchop":12,"minecraft:dirt":12,"minecraft:granite":16,"minecraft:light_gray_wool":1,"minecraft:birch_sapling":5,"minecraft:mutton":2,"minecraft:cobblestone":36,"minecraft:white_wool":1},"minecraft:killed":{"minecraft:sheep":1,"minecraft:pig":7},"minecraft:used":{"minecraft:stone_pickaxe":26,"minecraft:wooden_pickaxe":38,"minecraft:stone_axe":68,"minecraft:crafting_table":1,"minecraft:furnace":1,"minecraft:smoker":1}},"DataVersion":3953}